<?xml version="1.0" encoding="UTF-8"?>

<?xml-stylesheet type="text/css" href="productscss.css"?>

<products>

	<product p_id="p_01">
		<s_id>01</s_id>
		<name>node.js</name>
		<price>5000</price>
		<type>Book</type>
		<description><![CDATA[This book is based on learning of node.js]]></description>
		<img_link>book.jpg</img_link>
	</product>
	
	<product p_id="p_02">
		<s_id>02</s_id>
		<name>Redmi Note 4</name>
		<price>5000</price>
		<type>Refurbished</type>
		<description><![CDATA[This is the phone provided by MI]]></description>
		<img_link>redmi.jpg</img_link>
	</product>
	
</products>
